<?xml version="1.0" encoding="utf-8"?>
<extension type="module" version="2.5" method="upgrade" client="site">
	<name>Hikashop Wishlist Module</name>
	<creationDate>05 juin 2024</creationDate>
	<version>5.0.4</version>
	<author>Hikari Software</author>
	<authorEmail>dev@hikashop.com</authorEmail>
	<authorUrl>http://www.hikashop.com</authorUrl>
	<copyright>(C) 2010-2024 HIKARI SOFTWARE. All rights reserved.</copyright>
	<license>http://www.gnu.org/licenses/gpl-2.0.html GNU/GPL</license>
	<description>Wishlist display for Hikashop</description>
	<files>
		<filename module="mod_hikashop_wishlist">mod_hikashop_wishlist.php</filename>
		<filename>index.html</filename>
		<folder>tmpl</folder>
	</files>
	<params addpath="/components/com_hikashop/params">
		<param name="hikashopwishlistmodule" type="hikashopmodule" default="module" label="hikashop" description="HikaShop options" />
		<param name="moduleclass_sfx" type="text" default="" label="PARAMMODULECLASSSUFFIX" description="PARAMMODULECLASSSUFFIX" />
	</params>
	<config>
		<fields name="params" addfieldpath="/components/com_hikashop/fields">
			<fieldset name="basic">
				<field
					name="layout"
					type="modulelayout"
					label="JFIELD_ALT_LAYOUT_LABEL"
					class="form-select"
					description="JFIELD_ALT_MODULE_LAYOUT_DESC"
					validate="moduleLayout"
				/>
				<field
					name="moduleclass_sfx"
					type="textarea"
					label="COM_MODULES_FIELD_MODULECLASS_SFX_LABEL"
					description="COM_MODULES_FIELD_MODULECLASS_SFX_DESC"
					rows="3"
				/>
			</fieldset>
			<fieldset name="hk_options" label="Hikashop Options">
				<field
					id="hikashopmodule"
					name="hikashopwishlistmodule"
					type="hikashopmodule"
					label="hikashop"
					description="HikaShop options" />
			</fieldset>
		</fields>
	</config>
</extension>
