<?xml version="1.0" encoding="utf-8"?>
<extension type="module" version="1.5.0" method="upgrade" client="site">
	<name>Hikashop Currency Switcher Module</name>
	<creationDate>05 juin 2024</creationDate>
	<version>5.0.4</version>
	<author>Hikari Software</author>
	<authorEmail>dev@hikashop.com</authorEmail>
	<authorUrl>http://www.hikashop.com</authorUrl>
	<copyright>(C) 2010-2024 HIKARI SOFTWARE. All rights reserved.</copyright>
	<license>http://www.gnu.org/licenses/gpl-2.0.html GNU/GPL</license>
	<description>Currency Switcher display for Hikashop</description>
	<files>
		<filename module="mod_hikashop_currency">mod_hikashop_currency.php</filename>
		<filename>index.html</filename>
		<folder>tmpl</folder>
	</files>
	<params addpath="/components/com_hikashop/params">
		<param name="moduleclass_sfx" type="text" default="" label="PARAMMODULECLASSSUFFIX" description="PARAMMODULECLASSSUFFIX" />
		<param name="mode_noform" type="radio" default="0" label="DO_NOT_USE_A_FORM" description="DO_NOT_USE_A_FORM_DESC">
			<option value="0">HIKASHOP_NO</option>
			<option value="1">HIKASHOP_YES</option>
		</param>
		<param name="display_on_product_page" type="radio" default="1" label="PRODUCT_PAGE" description="PRODUCT_PAGE_DESC">
			<option value="0">HIKASHOP_NO</option>
			<option value="1">HIKASHOP_YES</option>
		</param>
		<param name="display_on_product_listing_page" type="radio" default="1" label="PRODUCT_LISTING_PAGE" description="PRODUCT_LISTING_PAGE_DESC">
			<option value="0">HIKASHOP_NO</option>
			<option value="1">HIKASHOP_YES</option>
		</param>
		<param name="display_on_product_compare_page" type="radio" default="1" label="PRODUCT_COMPARE_PAGE" description="PRODUCT_COMPARE_PAGE_DESC">
			<option value="0">HIKASHOP_NO</option>
			<option value="1">HIKASHOP_YES</option>
		</param>
		<param name="display_on_category_listing_page" type="radio" default="1" label="CATEGORY_LISTING_PAGE" description="CATEGORY_LISTING_PAGE_DESC">
			<option value="0">HIKASHOP_NO</option>
			<option value="1">HIKASHOP_YES</option>
		</param>
		<param name="display_on_checkout_page" type="radio" default="1" label="CHECKOUT_PAGE" description="CHECKOUT_PAGE_DESC">
			<option value="0">HIKASHOP_NO</option>
			<option value="1">HIKASHOP_YES</option>
		</param>
		<param name="display_on_contact_page" type="radio" default="1" label="COM_HIKASHOP_CONTACT_VIEW_DEFAULT_TITLE" description="CONTACT_PAGE_DESC">
			<option value="0">HIKASHOP_NO</option>
			<option value="1">HIKASHOP_YES</option>
		</param>
		<param name="display_on_waitlist_page" type="radio" default="1" label="COM_HIKASHOP_WAITLIST_VIEW_DEFAULT_TITLE" description="WAITLIST_PAGE_DESC">
			<option value="0">HIKASHOP_NO</option>
			<option value="1">HIKASHOP_YES</option>
		</param>
	</params>
	<config>
		<fields name="params">
			<fieldset name="basic">
				<field
					name="layout"
					type="modulelayout"
					label="JFIELD_ALT_LAYOUT_LABEL"
					class="form-select"
					description="JFIELD_ALT_MODULE_LAYOUT_DESC"
					validate="moduleLayout"
				/>
				<field
					name="moduleclass_sfx"
					type="textarea"
					label="COM_MODULES_FIELD_MODULECLASS_SFX_LABEL"
					description="COM_MODULES_FIELD_MODULECLASS_SFX_DESC"
					rows="3"
				/>
				<field name="mode_noform" type="radio" default="0" label="DO_NOT_USE_A_FORM" description="DO_NOT_USE_A_FORM_DESC" class="btn-group btn-group-yesno">
					<option value="0">HIKASHOP_NO</option>
					<option value="1">HIKASHOP_YES</option>
				</field>
				<field name="display_on_product_page" type="radio" default="1" label="PRODUCT_PAGE" description="PRODUCT_PAGE_DESC" class="btn-group btn-group-yesno">
					<option value="0">HIKASHOP_NO</option>
					<option value="1">HIKASHOP_YES</option>
				</field>
				<field name="display_on_product_listing_page" type="radio" default="1" label="PRODUCT_LISTING_PAGE" description="PRODUCT_LISTING_PAGE_DESC" class="btn-group btn-group-yesno">
					<option value="0">HIKASHOP_NO</option>
					<option value="1">HIKASHOP_YES</option>
				</field>
				<field name="display_on_product_compare_page" type="radio" default="1" label="PRODUCT_COMPARE_PAGE" description="PRODUCT_COMPARE_PAGE_DESC" class="btn-group btn-group-yesno">
					<option value="0">HIKASHOP_NO</option>
					<option value="1">HIKASHOP_YES</option>
				</field>
				<field name="display_on_category_listing_page" type="radio" default="1" label="CATEGORY_LISTING_PAGE" description="CATEGORY_LISTING_PAGE_DESC" class="btn-group btn-group-yesno">
					<option value="0">HIKASHOP_NO</option>
					<option value="1">HIKASHOP_YES</option>
				</field>
				<field name="display_on_checkout_page" type="radio" default="1" label="CHECKOUT_PAGE" description="CHECKOUT_PAGE_DESC" class="btn-group btn-group-yesno">
					<option value="0">HIKASHOP_NO</option>
					<option value="1">HIKASHOP_YES</option>
				</field>
				<field name="display_on_contact_page" type="radio" default="1" label="COM_HIKASHOP_CONTACT_VIEW_DEFAULT_TITLE" description="CONTACT_PAGE_DESC" class="btn-group btn-group-yesno">
					<option value="0">HIKASHOP_NO</option>
					<option value="1">HIKASHOP_YES</option>
				</field>
				<field name="display_on_waitlist_page" type="radio" default="1" label="COM_HIKASHOP_WAITLIST_VIEW_DEFAULT_TITLE" description="WAITLIST_PAGE_DESC" class="btn-group btn-group-yesno">
					<option value="0">HIKASHOP_NO</option>
					<option value="1">HIKASHOP_YES</option>
				</field>
			</fieldset>
		</fields>
	</config>
</extension>
