<?xml version="1.0" encoding="utf-8"?>
<extension type="plugin" version="2.5" method="upgrade" group="acymailing">
	<name>AcyMailing Tag : HikaShop content</name>
	<creationDate>05 juin 2024</creationDate>
	<version>5.0.4</version>
	<author>Hikari Software</author>
	<authorEmail>dev@hikashop.com</authorEmail>
	<authorUrl>http://www.hikashop.com</authorUrl>
	<copyright>(C) 2010-2024 HIKARI SOFTWARE. All rights reserved.</copyright>
	<license>http://www.hikashop.com/commercial_license.php</license>
	<description>This plugin enables you to insert HikaShop products, coupons inside any e-mail sent by AcyMailing</description>
	<files>
		<filename plugin="hikashop">hikashop.php</filename>
	</files>
	<params addpath="/components/com_acymailing/params">
		<param name="help" type="help" label="HIKA_HELP" description="HIKA_ACY_HELP" default="plugin-hikashop"/>
		<param name="customtemplate" type="customtemplate" label="HIKA_CUSTOM_TEMPLATE" description="CUSTOM_TEMPLATE" help="hikashop" default="hikashop_product"/>
		<param name="vat" type="list" default="1" label="HIKA_ADD_VAT_TO_PRICE" description="ADD_VAT_TO_PRICE">
			<option value="0">NO_VAT</option>
			<option value="1">YES_VAT</option>
		</param>
		<param name="stock" type="list" default="0" label="HIKA_ONLY_PRODUCT_IN_STOCK" description="ONLY_PRODUCT_IN_STOCK">
			<option value="0">ONLY_PRODUCT_IN_STOCK_NO</option>
			<option value="1">ONLY_PRODUCT_IN_STOCK_YES</option>
		</param>
		<param name="itemid" size="10" type="text" default="" label="HIKA_DEFAULT_ITEMID" description="DEFAULT_ITEMID" />
		<param name="displayfilter_massactions" type="list" default="1" label="HIKA_DISPLAY_HIKASHOP_FILTERS_ON_MASSACTIONS" description="DISPLAY_HIKASHOP_FILTERS_ON_MASSACTIONS">
			<option value="0">HIKASHOP_NO</option>
			<option value="1">HIKASHOP_YES</option>
		</param>
		<param name="displayfilter_mail" type="list" default="1" label="HIKA_DISPLAY_HIKASHOP_FILTERS_ON_NEWSLETTERS_EDITION" description="DISPLAY_HIKASHOP_FILTERS_ON_NEWSLETTERS_EDITION">
			<option value="0">HIKASHOP_NO</option>
			<option value="1">HIKASHOP_YES</option>
		</param>
	</params>
	<config>
		<fields name="params" addfieldpath="/components/com_acymailing/params">
			<fieldset name="basic">
				<field name="help" type="help" label="HIKA_HELP" description="HIKA_HELP" default="plugin-hikashop"/>
				<field name="customtemplate" type="customtemplate" label="HIKA_CUSTOM_TEMPLATE" description="CUSTOM_TEMPLATE" help="hikashop" default="hikashop_product"/>
				<field
					name="vat"
					type="list"
					label="HIKA_ADD_VAT_TO_PRICE"
					default="1"
					description="ADD_VAT_TO_PRICE" >
					<option value="0">NO_VAT</option>
					<option value="1">YES_VAT</option>
				</field>
				<field
					name="stock"
					type="list"
					label="HIKA_ONLY_PRODUCT_IN_STOCK"
					default="0"
					description="ONLY_PRODUCT_IN_STOCK" >
					<option value="0">ONLY_PRODUCT_IN_STOCK_NO</option>
					<option value="1">ONLY_PRODUCT_IN_STOCK_YES</option>
				</field>
				<field name="itemid" size="10" type="text" default="" label="HIKA_DEFAULT_ITEMID" description="DEFAULT_ITEMID" />
				<field name="displayfilter_massactions" type="list" default="1" label="HIKA_DISPLAY_HIKASHOP_FILTERS_ON_MASSACTIONS" description="DISPLAY_HIKASHOP_FILTERS_ON_MASSACTIONS">
					<option value="0">HIKASHOP_NO</option>
					<option value="1">HIKASHOP_YES</option>
				</field>
				<field name="displayfilter_mail" type="list" default="0" label="HIKA_DISPLAY_HIKASHOP_FILTERS_ON_NEWSLETTERS_EDITION" description="DISPLAY_HIKASHOP_FILTERS_ON_NEWSLETTERS_EDITION">
					<option value="0">HIKASHOP_NO</option>
					<option value="1">HIKASHOP_YES</option>
				</field>
			</fieldset>
		</fields>
	</config>
</extension>
